ParksID,InspectionID,NextToAnotherGarden,TotalFenceLength,TotalSidewalkArea,TotalSidewalkLength,OnSiteService,HydrantW_in15ft,HydrantOnGardenSide,RainHarvesting,RainGallons,SolarPanels,CompostSystem,CompostTumblers,NonFoodPlants,Food,OpenLawnOrCommunalArea,PavedArea,TreesInGarden,FruitTrees,StreetTrees,EmptyTreePits,Murals,BlankShed,ParksSign,Chickens,Pond,FishInPond,Turtles,Aquaponics,FarmersMarket,CSApickup,Composting,Greenhouse,StructureForSeasonExtension
B544-GT001,1,false,213.25,276,23,false,false,true,true,500,false,true,false,true,true,true,true,true,false,false,false,false,true,false,true,false,,false,false,false,false,true,true,false
M397-GT001,3,false,0,300,25,false,true,false,true,200,false,false,false,true,false,false,false,true,false,false,false,false,false,true,false,false,,false,false,false,false,false,false,false
M331-GT002,5,true,0,160,10,false,false,false,true,60,false,false,false,true,false,true,false,true,false,false,true,false,false,true,false,false,,false,false,false,false,false,false,false
M297A-GT001,8,false,204,910,70,false,false,true,false,,false,false,true,true,true,true,false,true,true,true,false,false,false,true,false,false,,false,false,false,false,true,false,false
X277-GT001,9,true,265,3750,150,false,false,true,false,,false,false,true,true,true,true,false,true,true,true,true,true,true,true,false,false,,false,false,false,false,true,true,false
B535-GT001,15,false,180,1700,200,false,true,true,true,300,true,true,false,true,true,true,false,true,true,true,false,false,true,true,false,false,,false,false,false,false,true,false,false
B575-GT001,16,false,251,742.5,49.5,false,false,false,true,1200,true,true,true,true,true,true,true,true,true,true,true,false,true,true,false,false,,false,false,true,true,true,false,false
B553-GT001,20,false,,364,26,false,false,false,true,1000,true,true,false,true,true,true,false,false,false,true,false,false,false,true,false,false,,false,false,false,false,true,false,false
M313-GT001,22,true,0,608,76,false,true,false,false,,true,true,false,true,false,false,true,true,true,true,false,false,false,true,false,true,true,true,false,false,false,true,false,false
M293-GT001,23,false,0,3240,270,true,true,true,true,500,false,true,false,true,true,false,false,true,true,false,false,true,false,true,false,true,true,true,false,false,false,true,false,false
B438-GT001,24,false,125,2280,152,false,true,true,false,,false,false,false,true,true,true,false,false,true,true,false,false,false,false,false,false,false,false,false,false,false,false,false,false
Q495-GT001,26,false,250,300,25,false,true,true,false,,false,false,false,true,true,false,true,true,false,true,false,false,true,true,false,false,,false,false,false,false,false,false,false
M312-GT001,27,false,0,4032,336,true,true,true,false,,false,true,false,true,true,false,false,true,true,true,false,false,false,true,false,true,true,true,false,false,false,true,false,false
B507-GT001,28,false,247.5,409.5,63,false,true,true,false,,false,true,false,true,true,true,false,true,true,false,false,true,true,true,false,false,,false,false,false,false,true,false,false
B533-GT001,31,false,0,2474.5,202,false,true,true,true,2150,false,true,false,true,true,true,false,true,true,true,false,false,false,true,false,false,,false,false,false,false,true,false,false
B439-GT001,34,false,175.75,1745.75,125,false,false,false,true,120,false,false,true,true,true,true,true,true,true,false,true,false,false,true,false,false,,false,false,false,false,true,false,false
B409-GT001,36,false,,2460,164,false,false,true,true,3500,false,true,false,true,true,true,false,true,true,true,false,false,false,true,false,false,,false,false,false,false,true,false,false
B440-GT001,37,false,145,9751.5,449,false,true,true,false,,false,false,false,true,true,true,false,true,true,false,false,false,false,true,false,false,,false,false,false,false,false,false,false
B441-GT001,38,false,146.25,369.75,21.75,false,false,false,true,180,false,false,false,true,true,false,false,false,false,false,false,false,true,true,false,false,,false,false,false,false,false,false,false
B442-GT001,41,false,0,640,128,false,false,true,true,120,false,true,true,true,true,true,false,true,true,false,false,false,false,true,false,false,false,false,false,false,false,true,false,false
B568-GT002,42,false,25,225,25,false,false,false,true,240,false,true,false,false,true,false,false,true,false,true,false,false,true,false,false,false,,false,false,false,false,true,false,false
B568-GT001,43,false,0,387,43,false,true,true,true,305,false,true,false,true,true,true,false,true,false,false,false,false,true,true,false,false,,false,false,true,false,true,false,false
B410-GT001,47,false,0,2059,168,false,true,true,true,1000,false,true,true,true,true,true,false,true,true,true,true,false,false,true,false,false,,false,false,false,false,true,false,false
Q518-GT001,50,true,0,310,62,false,false,true,false,,false,false,false,false,true,false,false,false,false,false,false,false,false,false,false,false,,false,false,false,false,false,false,false
B561-GT001,54,false,281,4668,281,false,true,true,true,50,false,true,false,true,true,true,false,false,false,true,false,false,false,true,false,false,,false,false,true,true,true,false,false
B444-GT001,58,false,,550,50,false,true,true,true,300,false,false,false,true,true,true,true,true,true,false,true,false,false,true,false,false,,false,false,false,false,false,false,false
Q486-GT001,59,false,0,200,25,false,false,false,false,,false,false,false,false,false,true,false,true,true,false,false,false,false,false,false,false,,false,false,false,false,false,false,false
B446-GT001,62,false,0,1230,120,false,true,true,true,180,false,false,false,false,true,true,false,true,false,true,false,false,false,true,false,false,,false,false,false,false,false,false,false
Q487-GT001,64,false,0,12,100,false,false,false,false,,false,false,false,true,true,true,false,true,false,false,false,false,false,true,false,false,,false,false,false,false,false,false,false
M333-GT001,67,false,254,1710,114,false,true,true,false,,false,false,true,true,true,true,true,true,true,true,false,false,false,true,false,false,,false,false,false,false,true,false,false
M334-GT001,69,true,115,300,25,false,true,true,true,150,false,false,false,true,true,false,true,true,true,false,false,false,false,true,false,false,,false,false,false,false,false,false,false
X339-GT001,71,false,0,750,50,false,false,false,true,350,false,false,false,true,true,true,true,true,true,true,false,false,true,true,false,false,,false,false,false,false,false,false,false
B421-GT001,72,false,0,1122,66,false,false,false,true,2000,false,true,true,true,true,true,false,true,true,true,false,true,true,true,false,false,,false,false,false,false,true,false,false
B422-GT001,74,false,0,3708,261,true,false,false,true,150,false,true,true,true,true,true,true,true,true,false,false,false,false,true,false,false,,false,false,false,false,true,false,false
B582-GT001,76,false,100,216,18,false,false,false,true,500,false,true,false,true,true,true,false,true,true,true,false,false,false,false,false,true,true,false,false,false,false,true,false,false
B566-GT001,77,false,0,440,44,false,false,true,false,,false,false,false,false,false,false,false,true,true,false,false,false,false,false,false,false,,false,false,false,false,false,false,false
B554-GT001,79,false,20,270,20,false,false,false,false,,false,false,false,true,true,false,false,true,true,false,false,false,false,false,false,false,,false,false,false,false,false,false,false
X315-GT001,81,false,260,1000,100,false,true,true,false,,false,true,false,true,true,true,false,true,true,false,false,false,true,true,false,false,,false,false,false,false,true,false,false
X340-GT001,82,false,170,700,70,true,true,true,true,55,false,false,false,true,true,true,false,true,true,false,false,false,false,true,false,false,false,false,false,false,false,false,false,false
M359-GT001,84,false,0,600,50,false,true,true,true,500,false,false,true,true,true,true,false,true,true,true,false,false,false,true,false,true,false,false,false,false,false,true,true,false
B166-GT001,85,false,0,1250,250,false,false,false,true,240,false,false,false,true,true,true,true,true,true,true,false,false,false,false,false,false,,false,false,true,false,false,false,false
M387-GT001,89,false,0,1054,62,false,true,true,false,,false,false,false,true,false,true,false,true,true,true,false,false,false,true,false,false,,false,false,false,false,false,true,false
B447-GT001,93,false,315,2874,186,false,true,true,true,0,false,false,false,true,true,true,false,true,true,true,false,true,false,true,false,false,,false,false,false,false,false,false,false
B448-GT001,94,false,210.5,711,59.25,false,false,false,true,180,false,false,false,true,true,true,false,true,true,true,false,false,false,true,false,false,,false,false,false,false,false,false,false
X363-GT001,95,false,184,1904,184,false,true,true,true,220,false,false,false,true,true,true,false,true,true,false,false,false,true,true,false,false,,false,false,false,false,false,false,false
B569-GT001,96,false,202,312,26,false,false,true,true,280,false,true,false,true,true,false,false,true,true,true,false,false,false,false,false,false,,false,false,false,false,true,true,false
M113A-GT001,98,false,80,960,80,false,true,true,false,,false,true,false,true,true,true,false,true,true,true,false,true,true,true,false,false,,false,false,false,false,true,false,false
M396-GT001,99,false,0,1464,122,true,true,true,false,,false,true,false,true,false,true,false,true,true,true,false,true,false,true,false,false,,false,false,false,false,true,false,false
B224A-GT001,100,false,0,3337,230.5,true,true,true,true,1080,false,true,false,true,true,true,false,true,true,true,true,false,true,false,false,false,,false,false,false,false,true,false,false
B450-GT001,101,false,0,1540,154,false,false,false,true,60,false,false,false,true,true,true,false,true,true,false,true,false,false,true,false,false,,false,false,false,false,false,false,false
X321-GT001,102,false,0,2000,200,false,false,false,false,,false,false,false,true,true,true,true,true,true,true,false,false,true,true,true,false,,false,false,false,false,false,false,false
B526-GT001,106,false,228,294,42,false,false,false,true,1100,false,false,false,true,true,false,false,true,false,false,false,false,false,true,false,false,,false,false,false,true,false,false,false
B451-GT001,108,false,247,1936,176,false,true,true,true,1000,false,true,true,true,true,true,true,true,true,true,false,false,true,true,false,true,false,false,false,false,false,true,false,false
M281-GT001,110,false,0,1800,150,true,true,true,false,,false,true,false,true,true,true,false,true,true,true,false,true,false,true,false,false,,false,false,false,false,true,false,false
M335-GT001,111,false,151,1452,121,false,true,true,false,,false,false,false,true,true,true,false,true,false,false,false,false,true,true,false,false,,false,false,false,false,false,false,false
X358-GT001,112,false,552,1885,145,false,false,false,true,300,false,true,false,true,true,true,true,true,true,true,true,false,false,true,false,false,,false,false,false,false,true,false,false
M320-GT001,113,false,0,2936,177,false,false,true,false,,true,false,true,true,true,true,false,true,false,true,true,true,false,true,true,false,,false,false,false,false,true,false,false
B452-GT001,116,false,,1050,125,false,true,true,false,,false,false,false,false,false,false,false,true,false,true,false,false,false,true,true,false,false,false,false,false,false,false,false,false
X252-GT001,118,true,0,3150,210,true,false,false,false,,false,false,false,true,true,true,false,true,true,true,false,false,false,true,false,false,,false,false,false,false,false,false,false
B454-GT001,119,false,0,1200,100,false,true,true,false,,false,false,false,true,true,true,true,true,false,true,true,false,true,true,false,false,,false,false,false,false,false,false,false
Q474A-GT001,121,false,0,1400,150,false,false,false,true,250,false,true,false,true,true,true,true,true,true,true,false,false,true,true,false,false,,false,false,false,false,true,false,false
M331-GT001,122,true,0,170,17,false,false,false,true,60,false,false,false,true,true,true,true,true,false,true,false,false,false,true,true,false,,false,false,false,false,false,false,false
X338-GT001,123,false,0,600,75,false,false,false,true,220,true,false,false,true,true,true,false,true,true,true,false,false,true,true,true,false,,false,false,false,false,false,true,false
M315-GT001,124,false,0,300,25,false,true,true,false,,false,false,false,true,false,false,false,true,false,false,false,false,false,true,false,false,,false,false,false,false,false,false,false
B455-GT001,126,false,0,1250,250,false,false,false,true,480,false,true,false,true,true,true,false,true,true,false,false,true,false,true,false,false,,false,false,false,false,true,false,false
Q505-GT001,127,false,0,0,0,false,true,true,true,300,false,false,false,true,true,true,false,true,true,true,false,false,false,true,false,false,false,false,false,false,false,false,false,false
X343-GT001,131,false,150,1296,162,false,false,false,false,,false,false,false,true,false,true,false,true,false,true,false,false,false,true,false,false,,false,false,false,false,false,false,false
M336-GT001,132,false,100,600,50,true,true,true,false,,false,false,false,true,true,true,false,true,true,false,false,false,false,true,false,false,,false,false,false,true,false,false,false
X179A-GT001,135,false,190,1995,133,false,true,true,false,,false,true,false,false,false,true,false,true,false,false,false,false,false,false,false,false,,false,false,false,false,true,false,false
M323-GT001,136,false,0,1216,76,false,false,false,true,120,false,false,false,true,true,true,false,true,true,true,true,true,false,true,false,false,,false,false,false,false,false,false,false
M337-GT001,137,false,0,624,52,false,true,false,true,1000,false,true,false,true,true,true,false,true,false,false,false,true,false,true,false,false,,false,false,false,false,true,false,false
Q493-GT002,138,false,0,800,100,false,false,false,false,,false,false,false,true,true,false,false,true,true,true,false,false,true,true,false,false,,false,false,false,false,false,true,false
Q493-GT001,139,false,0,800,100,false,true,true,true,50,false,true,false,false,true,true,false,true,true,true,false,false,true,true,false,false,,false,false,false,false,true,false,false
MGT014,140,false,0,,,true,false,false,false,,false,false,false,false,false,false,false,false,false,false,false,false,false,false,false,false,false,false,false,false,false,false,false,false
B570-GT001,141,false,25,345,23,false,false,true,false,,false,false,false,true,false,true,false,true,false,true,false,false,true,true,false,false,,false,false,false,false,false,false,false
M398-GT001,142,false,148,220,20,false,false,true,false,,false,true,false,true,true,true,false,true,true,false,false,true,true,true,false,false,,false,false,false,false,true,false,false
X276-GT001,147,false,467.5,3020,230,false,true,true,false,,false,true,false,true,true,true,false,true,true,true,false,false,true,true,false,true,false,false,false,false,false,true,false,false
M324-GT001,148,false,0,576,48,true,true,false,false,,false,false,false,true,true,false,false,true,true,true,false,false,false,true,false,true,false,false,true,false,false,false,false,false
B571-GT001,149,false,280,320,40,false,false,false,true,620,false,false,false,true,true,true,false,true,true,true,false,false,true,true,false,false,,false,false,false,false,false,false,false
B414-GT001,150,false,,1230,82,true,false,false,true,500,true,true,false,true,true,true,false,true,true,false,false,false,false,true,false,true,true,false,true,false,true,true,false,false
B458-GT001,151,false,307,1992,166,false,true,true,true,540,false,false,false,true,true,true,false,true,true,true,true,false,false,true,false,false,,false,false,false,false,false,false,false
B540-GT001,154,false,25,300,25,false,false,true,false,,false,false,false,true,true,false,false,true,false,false,false,false,true,true,false,false,,false,false,false,false,false,false,false
M319B-GT001,155,false,0,800,50,false,false,true,false,,false,false,false,true,false,true,true,true,true,true,false,false,true,true,false,false,,false,false,false,false,false,false,false
Q511-GT001,156,false,100,312,78,false,false,false,false,,false,false,false,true,false,false,false,false,false,false,false,false,false,false,false,false,,false,false,false,false,false,false,false
Q484-GT001,157,true,478,1512,189,false,false,true,true,250,false,true,false,true,true,false,true,true,true,false,false,false,false,true,true,false,,false,false,true,false,true,true,false
M316-GT001,158,true,201,315,21,false,false,false,false,,false,false,true,true,true,true,false,true,false,false,false,true,true,true,false,false,,false,false,false,false,true,false,false
M389-GT001,159,false,122,630,42,true,false,true,false,,true,true,false,true,false,true,false,true,false,true,false,false,false,false,false,false,,false,false,false,false,true,false,false
X313-GT001,160,false,250,1500,100,false,false,false,true,250,false,false,false,true,true,true,true,true,true,true,false,false,true,true,false,false,,false,false,false,false,false,false,false
X323-GT001,161,false,307,1686,156,false,true,true,false,,false,true,false,true,true,true,true,true,true,true,false,false,false,true,false,false,,false,false,false,false,true,false,false
X350-GT001,163,false,,1708,194,true,true,true,false,385,false,false,false,true,true,true,true,true,true,true,true,false,false,true,false,false,false,false,false,false,false,false,false,false
X233A-GT001,164,false,725,3050,375,true,false,false,true,110,false,false,false,true,true,true,true,true,true,true,false,false,true,true,false,false,,false,false,false,false,false,true,false
M392-GT001,165,false,0,1559,123,false,false,false,true,250,false,false,false,true,true,true,true,true,true,false,false,false,true,true,false,false,,false,false,false,false,false,false,false
B577-GT001,166,false,175,800,100,false,true,true,true,100,false,true,false,true,true,true,true,true,true,true,false,true,false,true,false,false,,false,false,false,false,true,false,false
M268-GT001,167,false,50,3948,329,true,true,true,false,,false,true,true,true,true,true,false,true,true,true,false,false,false,true,false,true,true,false,false,false,false,true,false,false
B424-GT001,169,false,0,1224,102,false,false,false,true,2000,false,true,false,true,true,true,false,true,true,true,false,true,false,true,false,false,,false,false,false,false,true,false,false
M339-GT001,172,false,0,240,20,false,true,true,true,250,false,true,false,true,true,false,false,true,false,false,false,false,false,true,false,false,,false,false,false,false,true,false,false
M405-GT001,173,false,196,630,45,false,true,true,false,,false,false,false,true,true,true,false,true,true,true,false,false,false,true,false,false,,false,false,false,false,false,false,false
M340-GT001,174,false,0,690,46,false,true,false,false,,false,false,false,true,true,true,false,true,true,true,false,false,true,true,false,false,,false,false,false,false,false,false,false
B460-GT001,175,false,0,350,50,false,false,true,false,,false,false,false,true,true,true,true,false,false,false,false,false,false,true,false,false,,false,false,false,false,false,false,false
B468-GT001,176,false,0,984,82,true,false,false,false,,false,false,false,false,true,false,false,false,false,false,false,false,false,true,false,false,,false,false,false,false,false,false,false
X001A-GT001,179,false,0,1330,133,false,false,false,false,,false,false,false,true,true,true,false,false,false,false,false,false,false,true,false,false,,false,false,false,false,false,false,false
B461-GT001,181,false,0,872,88,false,true,true,true,1000,false,false,false,true,true,false,true,true,true,true,true,true,false,true,false,false,false,false,false,false,false,false,true,false
Q300-GT001,182,false,2049,8200,1025,true,true,false,false,,true,true,false,true,true,true,true,true,true,true,false,false,false,true,false,false,,false,false,false,false,true,false,false
B532-GT001,183,false,177.25,954.5,101.5,false,false,false,true,180,false,false,true,true,true,true,false,true,true,false,false,false,false,true,false,false,,false,false,false,false,true,false,false
X351-GT001,186,false,28,420,28,false,false,true,false,,false,false,false,true,true,true,true,true,true,false,false,false,true,true,false,false,,false,false,false,false,false,false,false
B462-GT001,187,false,0,750,150,false,true,true,false,,false,false,false,true,true,false,false,true,true,false,false,false,false,true,false,false,,false,false,false,false,false,false,false
M330-GT001,188,false,0,238,17,false,false,false,false,,false,false,false,true,true,true,true,true,true,true,false,false,false,true,false,false,,false,false,false,false,false,false,false
X352-GT001,189,false,0,484,44,false,false,false,false,,false,false,false,true,true,true,false,true,true,true,false,false,false,true,false,false,,false,false,false,false,false,false,false
B463-GT001,190,false,205,2060,206,false,true,true,false,,false,true,false,true,true,true,false,true,true,true,false,false,false,true,false,false,,false,false,false,false,true,true,false
Q484-GT002,191,true,505,2100,426,false,true,true,true,305,false,true,false,true,true,false,false,true,true,true,false,false,false,true,true,false,,false,false,true,true,true,true,false
X252-GT002,192,true,216,1410,160,false,false,false,false,,false,false,false,true,true,true,false,true,true,true,false,false,false,true,false,false,,false,false,false,false,false,false,false
Q371-GT001,193,false,,0,0,true,false,false,false,,false,false,false,true,true,true,false,true,true,false,false,false,false,false,false,false,false,false,false,false,false,false,false,false
B464-GT001,194,false,0,300,25,false,true,true,false,,false,false,false,true,true,true,false,true,true,true,false,false,true,true,false,false,,false,false,false,false,false,false,false
B546-GT001,195,false,92.5,331.5,19.5,false,false,false,true,120,false,false,false,true,true,true,false,true,true,true,false,false,true,true,false,false,,false,false,false,false,false,false,false
M313A-GT001,196,false,250,400,50,true,true,true,false,,false,false,false,true,false,true,false,true,true,false,true,false,false,true,false,false,,false,false,false,false,false,false,false
M310-GT001,197,false,75,900,75,false,true,true,false,,false,false,false,true,false,true,false,true,false,true,false,false,false,true,false,false,,false,false,false,false,false,false,false
B465-GT001,198,false,45.5,610.5,55.5,false,true,true,true,1000,false,true,false,true,true,true,false,true,true,false,false,true,true,true,false,false,,false,false,false,false,true,true,false
M358-GT001,199,false,0,240,20,false,true,false,true,100,false,true,false,true,false,true,false,true,true,false,false,true,false,true,false,false,,false,false,false,false,true,false,false
B466-GT001,200,false,150,975,125,false,true,true,false,0,false,false,false,false,true,false,false,true,true,true,false,false,false,true,true,false,false,false,false,false,false,false,false,false
M291-GT001,201,false,211,824,191,true,true,true,false,,false,false,true,true,true,false,false,true,false,false,false,false,false,true,false,false,,false,false,false,false,true,false,false
B467-GT001,203,false,228,960,120,false,true,true,true,360,false,true,true,true,true,false,false,true,true,false,false,false,false,true,false,false,,false,false,true,false,true,false,false
M325-GT002,204,true,15,180,15,false,false,true,true,100,false,true,false,true,true,false,true,true,true,false,false,false,false,true,false,false,,false,false,false,false,true,false,false
X318-GT001,209,false,295,750,50,false,false,true,false,,false,false,false,true,true,true,false,true,true,true,false,false,false,true,false,false,,false,false,false,false,false,false,false
M377-GT001,210,false,0,0,0,false,false,true,false,,false,false,false,false,false,true,true,true,false,false,false,false,false,false,false,false,false,false,false,false,false,false,false,false
X246-GT001,212,false,620,900,100,false,true,true,true,1000,true,true,false,true,true,true,false,true,true,true,false,true,true,true,true,false,,false,false,false,false,true,false,false
X297-GT001,216,false,304,2835,189,false,false,false,false,,false,true,false,true,true,true,false,true,true,true,false,false,false,true,false,false,,false,false,false,false,true,false,false
X293-GT001,217,false,365,650,65,false,false,false,true,300,false,true,false,true,true,true,false,true,true,false,false,false,true,true,true,false,,false,false,true,false,true,false,false
X298-GT001,219,false,300,2026,183,false,false,false,false,,false,false,false,true,true,true,false,true,true,true,false,false,false,true,false,false,,false,false,false,false,false,false,false
M341-GT001,220,false,0,705,47,false,true,true,true,240,false,true,true,true,true,true,false,true,false,true,false,true,false,true,false,false,,false,false,false,false,true,false,false
B531-GT001,222,false,12,278.25,39.75,false,false,true,false,,false,false,false,true,true,false,false,true,true,false,false,false,false,true,false,false,,false,false,false,false,false,false,false
B399-GT001,223,true,,1575,75,false,false,false,true,150,true,true,false,true,true,true,false,true,true,true,false,true,true,true,false,true,true,false,false,false,true,false,false,false
B518-GT001,226,false,191.5,260,26,false,true,true,true,120,false,false,false,true,true,true,false,true,false,false,false,false,true,false,false,false,,false,false,false,false,false,false,false
M329-GT001,228,true,200,600,50,true,true,false,false,,false,false,false,true,false,true,false,true,true,true,false,false,false,true,false,false,,false,false,false,false,false,false,false
X316-GT001,229,false,0,420,30,false,false,true,true,110,false,true,false,true,true,true,false,true,true,false,false,false,false,true,false,false,,false,false,false,false,true,false,false
Q488-GT001,230,false,0,384,12,false,false,false,true,400,false,false,false,true,true,true,false,true,true,false,true,false,true,true,false,false,,false,false,false,false,false,false,false
Q489-GT001,231,false,0,100,5,false,false,true,false,,false,false,false,true,false,false,false,true,false,true,false,false,false,true,false,true,false,false,false,false,false,false,false,false
B415-GT001,232,false,,1250,125,false,true,true,true,50,false,false,false,true,true,true,false,true,false,true,false,true,true,true,false,false,false,false,false,false,false,false,false,false
B428-GT001,237,false,0,3000,250,true,true,true,true,6,false,false,false,true,true,true,true,true,false,true,false,true,false,true,false,false,,false,false,false,false,false,false,false
B469-GT001,238,false,0,375,75,false,false,false,true,420,false,false,false,true,true,false,false,true,true,false,false,false,false,true,false,false,,false,false,false,false,false,false,false
B552-GT001,239,false,,300,20,false,true,true,true,400,false,false,false,true,true,false,false,true,true,true,true,false,true,true,false,false,,false,false,false,false,false,false,false
B470-GT001,240,false,239,1600,100,false,false,false,false,,false,false,false,true,true,true,true,true,true,true,false,false,true,true,false,true,true,false,false,false,false,false,false,false
B058-GT001,241,false,416,6925,419,false,false,false,true,500,false,false,true,true,false,false,false,true,true,true,false,false,true,true,false,false,,false,false,false,false,true,false,false
B471-GT001,242,false,1018,2880,360,false,true,false,false,,false,false,false,true,true,true,false,true,true,true,false,false,false,true,true,true,true,false,false,false,false,false,true,false
M311-GT001,243,false,0,1376,172,true,true,false,true,100,false,true,false,true,true,true,false,true,true,true,false,false,false,true,false,true,true,false,false,false,false,true,false,false
X324-GT001,244,false,0,3210,214,false,false,true,true,1300,false,false,false,true,true,true,false,true,true,false,false,true,true,true,false,false,,false,false,false,false,false,false,false
B486-GT001,246,false,0,782,92,true,true,true,false,,false,false,false,true,true,true,true,true,true,false,false,false,false,true,false,false,,false,true,true,false,false,true,false
B472-GT001,248,false,178.75,1716,119.5,false,true,true,true,100,false,false,true,true,true,true,true,true,true,true,false,true,true,true,false,false,,false,false,false,false,true,false,false
B484-GT001,251,false,0,750,50,false,false,false,false,,false,false,false,true,true,false,false,true,true,true,false,false,false,true,false,true,true,false,false,false,false,false,false,false
X235-GT001,252,false,0,3125,215,false,false,false,false,,false,true,false,true,true,true,true,true,true,true,true,true,true,true,false,false,,false,false,false,false,true,false,false
B574-GT001,253,false,197.5,2150,125,false,false,true,true,240,false,true,false,true,true,true,false,true,true,true,true,false,true,true,false,false,,false,false,false,false,true,false,false
B473-GT001,254,false,169.5,411,34.25,false,false,false,true,300,false,true,true,true,true,true,true,true,true,false,false,false,true,true,false,false,,false,false,false,false,true,true,false
B527-GT001,255,false,712,8182,712,false,true,true,false,0,false,true,true,true,true,false,false,true,true,true,false,false,false,true,false,false,false,false,false,true,false,true,true,false
X118A-GT001,256,false,735,,,false,true,true,false,,false,false,false,true,true,true,false,true,true,true,false,false,false,true,false,false,,false,false,false,false,false,false,false
M409-GT001,257,false,0,,,false,false,false,false,,false,false,false,false,false,false,false,false,false,false,false,false,false,false,false,false,false,false,false,false,false,false,false,false
M380-GT001,258,false,0,256,32,false,false,false,false,,false,false,true,true,true,true,false,false,false,false,false,true,false,true,false,false,,false,false,false,false,true,false,false
M297-GT001,259,false,0,1500,100,false,false,false,false,,false,true,false,true,true,false,false,false,true,true,false,false,false,false,true,false,,false,false,false,false,true,false,false
M406-GT001,260,false,0,420,28,false,false,false,false,,false,false,false,false,true,false,false,false,false,true,false,false,false,true,false,false,,false,true,false,true,false,true,false
M363-GT001,262,false,220,600,60,false,false,false,false,,false,false,true,false,false,true,false,true,false,true,false,false,false,true,false,false,,false,false,false,false,true,false,false
M407-GT001,263,false,0,348,24,false,false,true,false,,false,false,false,true,true,true,false,true,true,false,true,false,true,true,false,false,,false,false,false,false,false,false,false
B474-GT001,265,false,424,1656,138,false,false,false,true,600,false,true,false,true,true,true,false,true,false,true,false,false,true,true,true,false,,false,false,false,false,true,false,false
B400-GT001,266,false,700,5838.5,581.5,true,false,false,false,,false,true,true,true,true,true,true,true,true,true,false,true,true,true,true,false,,false,false,true,false,true,true,false
B572-GT001,267,false,236.25,780,60,false,false,false,true,180,false,true,true,true,true,true,false,true,true,true,false,true,false,true,false,false,,false,false,true,false,true,true,false
X364-GT001,268,false,204,3525,263,false,true,true,false,,false,true,true,true,true,true,false,true,true,false,false,false,false,false,false,false,,false,false,false,false,true,false,false
R123-GT001,269,false,,,,false,true,true,true,50,false,true,true,true,true,false,false,false,false,false,false,false,false,true,false,false,,false,false,false,false,true,false,false
B522-GT001,270,false,0,1600,200,false,false,false,false,,false,false,false,false,false,false,false,true,false,false,false,false,false,false,false,false,,false,false,false,false,false,false,false
B475-GT001,274,false,105,3150,210,false,true,true,true,600,false,false,false,false,true,true,false,true,true,true,false,false,true,true,false,false,,false,false,false,false,false,false,false
B047A-GT001,275,false,662,1090,218,true,false,false,true,120,false,true,true,true,true,false,false,true,true,true,false,false,false,true,false,false,,false,false,false,false,true,false,false
X326-GT001,277,false,275,3180,212,false,false,true,true,1180,false,false,false,true,true,true,false,true,true,true,false,false,true,true,false,false,,false,false,false,false,false,false,false
B583-GT001,280,false,,2358,150,true,true,true,true,150,false,true,false,true,false,true,false,true,true,true,false,false,true,false,false,false,,false,false,false,false,true,false,false
M371-GT001,281,false,0,180,15,false,true,false,true,200,false,true,false,true,false,false,false,true,true,false,false,false,false,true,false,false,,false,false,false,false,true,false,false
X346-GT001,284,false,200,750,50,false,true,true,true,120,false,false,false,true,true,true,false,true,true,false,false,false,false,false,false,false,,false,false,false,false,false,false,false
B528-GT001,285,false,66,528,66,false,false,false,false,,false,false,false,true,true,true,false,true,true,false,false,false,true,true,false,false,,false,false,false,false,false,false,false
B413-GT001,286,false,1763.5,2107.5,140.5,false,false,true,true,200,false,true,true,true,true,true,false,true,true,true,false,false,false,true,false,false,,false,false,false,false,true,false,false
M344-GT001,288,false,154,630,42,false,true,true,false,,false,true,false,true,true,true,true,true,true,true,false,false,false,true,false,false,,false,false,false,false,true,false,false
B408-GT001,289,false,100,1720,163,false,true,true,true,150,false,false,false,true,false,true,false,true,true,true,false,false,true,true,false,false,,false,false,false,false,false,false,false
B423-GT001,290,false,0,840,70,true,false,false,false,,false,true,false,true,true,true,false,true,false,true,true,true,false,true,false,false,,false,false,false,false,true,true,false
B579-GT001,292,false,176.5,1618.5,124.5,false,true,true,true,500,false,true,false,true,true,true,false,false,false,true,false,false,false,true,false,false,,false,false,true,true,true,false,false
B565-GT001,294,false,0,125,25,false,true,true,false,,false,true,false,true,true,true,false,true,true,false,false,true,false,true,false,false,,false,false,false,false,true,false,false
X314-GT001,295,false,230,2485,170,false,false,true,true,500,false,false,false,true,true,true,false,true,true,true,false,false,false,false,false,false,,false,false,false,false,false,false,false
B563-GT001,296,false,,1118,75,false,true,true,false,,false,true,false,true,true,false,true,false,false,false,false,true,false,true,false,false,false,false,false,false,false,true,false,false
M364-GT001,297,false,113,406,28,true,true,true,false,,false,false,false,true,true,true,false,true,true,true,false,false,false,true,false,false,,false,false,false,false,false,false,false
X319-GT001,298,false,375,3850,290,true,false,true,false,,false,true,false,true,true,true,true,true,true,true,false,false,true,true,false,false,,false,false,false,false,true,false,false
M390-GT001,300,false,137,1644,137,false,true,false,false,,false,false,false,true,false,false,false,true,false,true,false,false,false,true,false,false,,false,false,false,false,false,false,false
X320-GT001,301,false,0,4000,250,true,true,true,false,,false,false,false,true,true,true,true,true,true,true,true,false,true,false,false,false,,false,false,false,false,false,false,false
X349-GT001,302,false,340,1700,200,false,true,true,true,110,true,true,false,true,true,true,true,true,true,true,false,true,false,true,true,false,,false,false,false,false,true,true,false
X322-GT001,303,false,0,375,25,false,false,true,false,,false,false,false,true,true,true,false,true,true,false,false,false,true,true,false,false,,false,false,false,false,false,false,false
B580-GT001,304,false,,80,10,false,false,false,true,2000,true,true,false,true,true,true,false,true,false,true,false,false,false,true,false,false,,false,false,false,false,false,false,false
B477-GT001,306,false,0,1350,125,false,true,true,true,160,false,false,false,false,true,false,false,true,true,true,false,false,true,true,false,false,,false,false,false,false,false,false,false
B478-GT001,307,false,250,150,25,false,false,true,true,360,false,false,false,true,true,false,false,true,true,false,false,false,false,true,false,false,,false,false,false,false,false,false,false
B511-GT001,308,false,182,1030,103,false,true,true,false,,false,true,false,true,true,true,false,true,true,true,false,true,true,true,false,false,,false,false,false,false,true,true,false
R146-GT001,311,false,565,2000,250,false,true,true,true,1000,false,true,true,true,true,true,false,true,true,false,false,true,false,true,false,false,,false,false,false,false,true,false,false
M351-GT001,313,false,0,200,40,false,true,true,false,,false,true,false,true,true,false,false,true,false,true,false,false,false,true,true,true,false,false,false,false,true,true,false,false
B550-GT001,314,false,0,1413,136,false,true,true,true,1000,false,true,false,true,true,false,false,true,true,true,false,false,true,true,false,false,,false,false,false,false,true,false,false
B556-GT001,316,false,350,2000,200,false,true,true,true,100,true,true,true,true,true,true,false,true,false,true,false,true,false,true,false,false,,false,false,false,false,true,false,false
B398-GT001,317,false,263.25,957,79.75,true,false,true,false,,false,false,false,true,false,true,false,true,true,true,false,true,false,true,false,false,,false,false,false,false,false,false,false
X266-GT001,318,false,0,1573,121,true,true,true,true,1800,false,false,false,true,true,true,false,true,true,true,true,false,false,true,false,false,,false,false,false,false,false,true,false
M325-GT003,320,true,0,600,50,false,false,false,true,,false,false,false,true,true,true,false,true,false,true,false,false,false,true,false,false,,false,false,false,false,false,false,false
B142-GT001,321,false,0,2886,222,false,true,true,true,2000,false,true,false,true,true,true,false,true,false,true,false,true,true,false,false,false,,false,false,false,false,true,true,false
M383-GT001,322,false,138,360,24,false,true,false,false,,false,false,false,true,true,true,false,true,true,false,false,false,true,false,false,false,,false,false,false,false,false,false,false
X327-GT001,325,false,400,480,48,false,true,false,true,600,false,true,true,false,true,true,false,true,true,true,false,false,false,true,false,false,,false,false,false,false,true,false,false
X341-GT001,326,true,130,450,50,false,false,false,false,,false,false,false,false,true,true,true,true,false,false,false,false,true,true,false,false,,false,false,false,false,false,true,false
M325-GT001,328,false,0,3942,328.5,true,true,true,true,1000,true,true,true,true,true,true,true,true,true,true,false,true,false,true,false,true,true,true,false,false,false,true,true,false
X328-GT001,330,false,94,820,82,false,false,false,false,,false,false,false,true,true,true,false,true,true,true,false,false,false,true,false,false,,false,false,false,false,false,false,false
M372-GT001,333,false,50,600,50,false,true,true,true,100,false,true,false,true,false,false,false,true,false,false,false,true,false,true,false,false,,false,false,false,false,true,false,false
X355-GT001,334,false,0,5925,395,false,false,false,false,,false,true,false,true,true,true,false,true,false,true,false,false,false,true,false,false,,false,false,false,false,true,false,false
B479-GT001,335,false,193.25,360.25,32.75,false,true,true,false,,false,false,true,true,true,true,true,true,true,true,false,true,true,true,false,false,,false,false,false,false,true,false,false
B223U-GT001,336,false,0,1971,156,false,true,true,true,1000,true,true,true,true,false,true,true,true,true,true,false,false,true,true,false,true,false,false,false,false,false,true,false,false
X365-GT001,337,false,96,600,40,false,false,false,false,,true,false,false,true,true,true,false,true,true,false,false,false,true,true,true,false,,false,false,false,false,false,false,false
M346-GT001,340,false,13,299,23,false,false,false,false,,false,false,false,false,false,true,false,false,false,false,false,false,false,true,false,false,,false,false,false,false,false,false,false
B480-GT001,341,false,0,420,24,false,false,false,false,,false,false,false,true,true,true,false,true,false,true,false,false,true,true,false,false,,false,false,false,false,false,false,false
B558-GT001,344,false,400,16200,200,false,false,true,true,120,false,false,false,true,true,true,false,true,false,false,false,false,true,true,false,false,,false,false,false,false,false,false,false
M326-GT001,347,false,389,4368,364,false,true,true,false,,false,true,false,true,false,false,false,true,true,true,false,false,false,true,false,true,true,false,false,false,false,true,false,false
Q045-GT001,348,false,57,350,25,false,false,false,false,,false,false,false,true,true,true,false,true,false,true,false,false,true,true,false,false,,false,false,false,false,false,false,false
M357-GT001,349,false,90,300,25,false,true,true,true,150,false,false,false,true,true,false,false,true,true,false,false,true,false,true,false,false,,false,false,false,false,false,false,false
M361-GT001,350,false,75,900,75,false,true,false,false,,false,false,false,true,false,false,false,true,false,false,false,false,false,true,false,false,,false,false,false,false,false,false,false
M400-GT001,352,false,0,255,17,false,false,true,false,,false,false,true,true,true,true,false,true,false,true,false,false,true,true,false,false,,false,false,false,false,true,false,false
M401-GT001,353,false,0,750,50,false,false,false,false,,false,true,false,true,true,true,true,true,true,true,false,true,false,true,false,false,,false,false,false,false,true,false,false
B499-GT001,354,false,83,484.5,25.5,false,false,false,true,60,false,true,false,true,true,true,false,true,false,true,false,false,true,false,false,false,,false,false,false,false,true,false,false
B482-GT001,355,false,191,441,31.5,false,false,false,true,420,false,true,true,true,true,true,true,true,true,true,false,false,false,true,false,false,,false,false,false,false,true,false,false
B481-GT001,356,false,0,1000,100,false,false,false,false,,false,false,false,true,true,true,false,true,true,true,false,false,false,true,false,false,,false,false,false,false,false,false,false
M327-GT001,359,false,0,1082,65,true,true,true,false,,false,false,false,false,true,true,true,true,true,false,false,false,false,true,false,false,,false,false,false,false,false,false,false
B483-GT001,363,false,0,1540,220,false,true,true,true,60,false,false,false,true,true,true,true,true,true,false,false,false,false,true,false,false,,false,false,false,false,false,true,false
B594-GT001,364,false,51,306,51,false,false,true,true,450,false,true,false,true,true,true,false,true,false,false,false,false,false,false,false,false,,false,false,true,false,true,false,false
B510-GT001,366,false,0,1600,100,false,true,false,false,,false,false,false,false,false,false,false,true,true,false,false,true,false,true,false,false,,false,false,false,false,false,false,false
B498-GT001,367,false,148,187,17,false,false,true,false,,false,false,false,true,false,true,false,true,false,false,false,false,true,true,false,false,,false,false,false,false,false,false,false
X356-GT001,370,false,70,500,50,false,false,true,true,110,true,true,false,true,true,true,true,true,true,false,false,false,true,true,false,false,,false,false,false,false,true,false,false
M105-GT001,373,false,530,,,true,true,true,true,50,false,true,true,true,true,false,true,true,false,true,false,true,true,true,true,true,true,true,false,false,false,true,false,false
B557-GT001,374,false,140,110,20,false,false,false,false,,false,false,false,true,true,true,false,false,false,false,false,false,true,true,false,false,,false,false,false,false,false,false,false
M314-GT001,377,false,0,564,47,false,true,true,true,150,false,false,false,true,false,false,false,true,false,false,false,false,false,true,false,false,,false,false,false,true,false,false,false
X329-GT001,378,false,0,3500,250,false,true,true,false,,false,false,true,true,true,true,false,true,true,false,false,false,false,true,false,false,,false,false,false,false,true,false,false
MGT025,379,false,0,,,true,false,false,false,,false,false,false,false,false,false,false,false,false,false,false,false,false,false,false,false,false,false,false,false,false,false,false,false
M347-GT001,381,false,0,1200,100,false,true,false,false,,false,false,true,true,true,false,false,true,true,true,false,true,false,true,false,false,,false,false,false,false,true,false,false
X342-GT001,382,false,0,750,50,false,false,false,false,,false,false,false,true,true,true,false,true,true,false,false,false,false,true,false,false,,false,false,false,false,false,false,false
B584-GT001,383,false,182,250,25,false,true,true,true,5,false,false,false,true,true,true,false,false,false,false,false,false,true,true,false,false,,false,false,false,false,false,false,false
X361-GT002,386,false,100,1600,100,false,false,true,true,1000,true,true,true,true,true,true,false,true,true,true,false,false,false,true,false,false,,false,false,false,true,true,true,false
M348-GT001,387,false,0,444,37,false,false,true,true,275,false,true,false,true,true,true,false,true,false,true,false,false,false,true,false,false,,false,false,false,false,true,false,false
X275-GT001,388,false,395,3295,303,true,false,false,false,,false,false,false,true,true,true,false,true,false,false,false,true,false,true,false,false,,false,false,false,false,false,false,false
B514-GT001,390,false,510,880,160,false,true,true,true,60,false,false,true,true,true,true,false,true,true,false,false,false,false,true,false,false,false,false,false,false,false,true,true,false
M338-GT001,392,false,150,300,20,false,false,true,false,,false,false,false,true,true,true,true,true,true,false,false,false,true,true,false,false,,false,false,false,false,false,false,false
M349-GT001,393,false,0,780,60,false,false,false,false,,false,false,true,true,true,true,true,true,true,true,false,false,false,true,false,false,,false,false,false,false,true,false,false
X241-GT001,396,false,207,1400,100,false,false,false,false,,false,false,false,true,true,true,true,true,false,true,false,false,false,true,false,false,,false,false,false,false,false,false,false
B449-GT002,398,false,0,2542,218,false,false,false,true,665,false,false,false,true,true,false,false,true,true,true,true,true,false,true,false,false,false,false,false,true,false,false,false,false
B513-GT001,399,false,159,793,61,false,true,true,false,,false,false,false,true,true,true,false,true,true,false,false,true,true,true,false,false,,false,false,true,false,false,false,false
B425-GT001,403,false,,1879,130,false,true,true,true,450,false,true,false,true,true,true,false,true,false,false,false,false,false,true,false,false,,false,false,false,false,true,false,false
M354-GT001,404,false,0,1236,103,true,true,false,true,100,false,false,false,true,true,true,false,true,true,true,false,true,false,true,false,false,,false,false,false,true,false,false,false
B521-GT001,406,false,0,900,100,false,false,false,false,,false,false,false,false,true,true,false,true,false,true,false,false,false,true,false,false,,false,false,false,false,false,true,
M365-GT001,407,false,0,336,28,false,true,true,false,,false,false,false,true,true,true,true,true,true,false,false,false,false,true,false,false,,false,false,false,false,false,false,false
X330-GT001,409,false,,368,46,false,true,true,false,,false,false,false,false,false,true,false,true,false,false,false,true,false,false,false,false,false,false,false,false,false,false,false,false
B417-GT001,410,false,504,2275,325,true,true,true,false,,false,false,false,true,false,true,false,false,false,true,true,false,false,true,false,false,,false,false,false,false,false,false,false
M356-GT001,411,false,0,450,30,false,false,true,false,,false,false,false,true,true,true,false,true,false,true,false,true,false,true,false,false,,false,false,false,false,false,false,false
X285-GT001,413,false,350,3800,250,false,true,true,false,,false,true,false,true,true,true,true,true,true,true,true,true,true,true,false,true,true,false,false,false,false,true,false,false
M382-GT001,414,false,0,400,40,false,true,false,false,,false,false,false,true,true,false,false,true,true,false,false,false,false,true,false,false,,false,false,false,false,false,false,false
B573-GT001,419,false,145,2320,145,false,false,false,true,480,false,true,false,true,true,true,false,true,true,true,false,false,true,true,false,false,,false,false,false,false,true,false,false
B500-GT001,420,false,184.25,1284,113,false,true,true,true,120,false,true,false,true,true,true,true,true,true,true,false,true,false,true,false,false,,false,false,false,false,true,false,false
M367-GT001,421,false,124,1200,100,false,false,false,true,120,false,false,false,true,false,true,false,false,true,true,false,false,false,true,false,false,,false,false,false,false,false,false,false
M350-GT001,422,false,0,1200,100,true,true,true,false,,false,true,false,true,true,true,false,true,true,false,false,false,false,true,false,false,,false,false,false,false,true,false,false
B517-GT001,427,false,0,6300,420,false,false,false,false,,false,true,false,true,true,true,false,true,true,true,true,false,true,true,false,false,,false,false,true,true,true,false,false
Q490-GT001,428,false,0,1200,100,false,false,false,true,300,false,false,false,false,false,false,false,false,false,true,false,false,false,true,false,false,,false,false,false,true,false,false,false
B560-GT001,429,false,,300,20,false,false,true,false,,false,true,false,true,true,true,true,true,false,true,true,true,false,true,false,false,,false,false,false,false,true,false,false
M299-GT001,430,false,150,1900,100,true,true,false,false,,false,true,true,true,true,true,false,true,true,true,false,false,true,true,true,false,,false,false,false,false,true,false,false
B504-GT001,431,false,380,800,80,false,false,true,false,,false,false,false,true,true,false,false,true,true,false,false,false,true,true,false,false,,false,false,false,false,false,false,false
B509-GT001,433,false,320,1280,160,false,false,false,false,,false,false,false,true,true,true,false,true,true,true,false,false,false,true,false,false,,false,false,false,false,false,false,false
B564-GT001,434,false,348,144,48,false,false,false,true,60,false,false,true,false,true,true,false,true,true,true,false,false,false,true,false,false,false,false,false,false,false,true,true,false
B486-GT002,435,false,145.5,1155,115.5,false,true,true,false,,false,false,true,false,false,true,false,true,true,false,false,false,true,true,false,false,,false,false,false,true,true,false,false
B516-GT001,436,false,0,1111,101,false,true,true,false,,false,true,true,true,true,true,true,true,true,false,false,false,false,true,false,false,,false,false,true,false,true,false,false
B426-GT001,437,false,,500,50,false,false,false,false,,false,false,false,true,true,false,true,true,false,true,false,true,false,true,false,false,,false,false,false,false,false,false,false
B487-GT001,438,false,116.5,206.25,16.5,false,true,true,false,,false,false,false,true,true,true,false,true,false,false,false,false,true,true,false,false,,false,false,false,false,false,false,false
Q475-GT001,439,false,300,1300,150,false,false,false,false,,false,false,false,true,true,true,true,true,false,true,false,false,false,false,false,false,,false,false,false,false,false,false,false
B506-GT001,440,false,280,600,40,false,false,true,false,0,false,false,false,true,true,true,true,false,false,false,false,false,false,true,false,false,false,false,false,false,false,false,false,false
B485-GT001,443,false,156,175,25,false,false,false,true,120,false,false,false,false,false,false,true,true,true,true,true,false,true,true,false,false,,false,false,false,false,false,false,false
X317-GT001,446,true,130,450,50,false,false,true,true,165,false,false,false,true,true,true,false,true,true,false,false,false,false,false,false,false,,false,false,false,false,false,false,false
X357-GT001,448,false,518,3176,259,false,true,true,true,250,false,true,false,true,true,true,false,true,true,true,true,true,false,true,false,false,,false,false,false,false,true,true,false
X325-GT001,451,false,369,1765,353,false,true,true,true,100,false,true,false,false,true,true,false,true,true,true,false,false,true,true,false,false,,false,false,false,false,true,false,false
B488-GT001,452,false,280.5,1750,153,false,true,true,true,360,false,true,true,true,true,true,false,true,true,true,false,false,true,true,false,false,,false,false,false,false,true,false,false
B489-GT001,454,false,0,0,0,false,true,true,true,1000,false,true,false,true,true,true,false,true,true,true,false,false,false,true,false,false,,false,false,false,true,false,false,false
M180-GT001,457,false,338,5912.5,395,true,true,true,false,,true,true,false,true,false,true,true,true,false,true,true,false,false,true,false,true,true,false,false,false,false,true,false,false
X335-GT001,458,false,329,1470,294,false,true,true,false,,false,true,false,true,true,true,false,true,false,true,false,false,false,true,false,true,false,false,false,false,false,true,false,false
X245-GT001,459,false,517,3725,285,false,true,true,true,300,false,true,false,true,true,true,false,true,true,true,false,false,false,true,false,false,,false,false,false,false,true,false,false
M072-GT001,461,false,371,600,60,false,false,false,false,,false,false,true,true,true,true,false,true,true,false,false,false,false,true,false,false,,false,false,false,false,true,true,false
M355-GT001,462,false,0,2550,170,true,false,false,false,,false,false,false,true,true,true,false,true,true,true,false,true,false,true,false,false,,false,false,false,false,false,false,false
Q371-GT002,464,true,0,2720,340,true,true,true,true,200,true,true,true,true,true,true,true,true,true,false,false,true,false,false,true,false,,false,false,true,false,true,false,false
M410-GT001,469,false,50,300,25,false,true,false,true,250,false,false,false,true,true,true,false,true,false,true,false,false,true,true,false,false,,false,false,false,false,false,false,false
M370-GT001,470,false,0,180,15,false,false,false,false,,false,true,false,true,false,false,false,true,false,false,false,false,false,true,false,false,,false,false,false,false,true,false,false
B490-GT001,471,false,0,975,78,false,false,true,true,200,false,false,false,true,true,true,false,true,true,false,false,true,false,true,true,false,,false,false,false,false,false,false,false
X332-GT001,473,false,0,1050,105,false,true,true,false,,false,false,false,true,false,false,false,false,false,false,false,false,false,true,false,false,,false,false,false,false,false,false,false
B530-GT001,475,false,253.75,756,42,false,true,true,true,120,false,false,true,true,true,true,false,true,false,true,false,false,true,true,false,false,,false,false,false,false,true,false,false
M332-GT001,476,false,0,1620,135,false,true,false,false,,false,false,false,true,true,false,false,true,true,true,false,false,false,true,false,false,,false,false,false,false,false,false,false
B491-GT001,481,false,0,600,75,false,true,true,false,,false,false,false,true,true,true,false,true,true,false,false,false,false,true,false,false,,false,false,false,false,false,false,false
B502-GT001,482,false,130,520,40,false,true,true,true,300,false,true,false,true,true,true,false,true,true,false,false,false,true,true,false,false,,false,false,false,false,true,false,false
B476-GT001,483,false,60,10500,60,false,false,true,false,,false,false,false,true,true,true,false,false,false,false,false,false,false,true,false,false,,false,false,false,false,false,false,false
M408-GT001,484,false,180,550,50,false,true,true,true,50,false,true,false,true,true,true,false,true,true,false,false,true,false,true,false,false,,false,false,false,false,true,false,false
B559-GT001,486,false,,2206,163,false,false,false,true,300,false,false,false,false,true,false,false,true,true,true,false,false,false,true,false,false,,false,false,false,false,false,true,false
Q473-GT001,487,false,300,1800,200,true,false,false,false,,false,false,false,true,true,true,false,true,false,true,false,false,false,true,true,false,,false,false,false,false,false,true,false
B519-GT001,488,false,46,198,18,false,true,true,true,120,false,false,true,true,false,true,false,true,true,false,false,true,false,true,false,false,,false,false,false,false,true,false,false
X345-GT001,489,false,78,368,23,false,false,false,false,,false,false,false,true,true,true,false,true,true,false,false,false,true,true,false,false,,false,false,false,false,false,false,false
B492-GT001,490,false,150,800,80,false,false,false,true,1240,false,true,false,false,true,false,false,true,true,true,false,false,true,true,false,false,,false,false,false,false,true,false,false
M394-GT001,494,false,0,360,20,false,false,true,true,250,false,true,false,true,true,true,true,true,false,false,false,false,false,false,false,false,false,false,false,false,true,true,false,false
B503-GT001,495,false,104,230.75,17.75,false,false,true,true,120,false,false,true,true,true,true,false,true,true,true,false,false,false,true,false,false,,false,false,false,false,true,false,false
B505-GT001,497,false,151,2691,148,false,true,true,false,,false,false,false,false,true,false,false,true,true,false,false,false,false,true,false,false,false,false,false,false,false,false,false,false
B383-GT001,498,false,300,7900,500,false,true,true,true,400,false,true,true,true,true,true,true,true,false,true,true,true,false,true,false,false,,false,false,false,false,true,true,false
M319A-GT001,499,false,0,600,30,false,false,true,true,110,false,false,true,true,true,true,true,true,true,false,false,false,false,true,false,false,,false,false,true,false,true,false,false
B411-GT001,500,false,,1916,162,false,false,false,false,,false,true,false,true,true,true,false,true,true,true,false,false,false,true,false,false,,false,false,false,false,true,false,false
B525-GT001,501,false,172.5,325,25,false,false,false,true,120,false,false,false,true,true,true,true,true,true,true,false,false,true,true,false,false,,false,false,false,false,false,false,false
B578-GT001,502,false,100,1703,131,false,true,true,false,,false,true,false,true,true,true,false,true,true,false,false,false,true,true,false,false,,false,false,false,true,true,false,false
B427-GT001,504,false,0,700,50,false,false,true,true,1000,false,true,true,true,true,true,true,true,true,true,false,false,false,true,false,false,,false,false,false,false,true,false,false
B562-GT001,505,false,400,2500,100,true,true,true,true,400,false,false,false,true,true,true,false,true,true,false,false,false,true,true,false,false,,false,false,false,false,false,false,false
X303-GT001,506,false,84,,,false,false,false,false,,false,false,false,false,false,false,false,false,false,false,false,false,false,false,false,false,false,false,false,false,false,false,false,false
X361-GT001,507,false,70,700,50,false,false,true,true,55,false,true,true,true,true,true,false,true,true,true,false,true,false,true,false,false,,false,false,false,false,true,true,false
B494-GT001,508,false,246.5,801,66.75,false,false,false,true,200,false,true,true,true,true,true,true,true,true,true,false,false,true,true,false,false,,false,false,false,false,true,false,false
X296-GT001,509,false,367,3536,442,false,false,false,true,1000,true,true,true,true,true,true,false,true,true,true,false,false,false,true,true,false,,false,false,true,false,true,true,false
B501-GT001,511,false,112,2802,197,false,true,true,false,,false,true,false,true,true,true,false,true,true,true,false,true,true,true,false,false,,false,false,false,false,true,true,false
B445-GT001,512,false,0,714,51,false,false,false,false,,false,false,false,true,true,false,true,true,true,true,false,false,true,false,false,false,,false,false,false,false,false,false,false
B512-GT001,513,false,0,1280,80,false,false,false,false,,false,true,false,true,true,true,false,true,true,false,false,true,false,true,false,false,,false,false,false,false,true,false,false
B416-GT001,514,false,378,1520,152,true,false,false,false,0,false,false,false,true,true,true,false,true,true,true,true,false,false,true,false,false,false,false,false,false,false,false,false,false
X331-GT001,515,false,0,2300,120,false,false,true,false,,false,true,false,true,true,true,false,true,true,true,false,true,false,true,false,false,,false,false,false,false,false,false,false
B576-GT001,516,false,306.5,1839.5,172.5,false,false,true,true,200,false,true,false,true,true,true,false,true,true,false,false,false,true,true,true,false,,false,false,false,false,true,false,false
Q121A-GT001,517,true,0,1000,100,true,false,false,false,,false,false,false,true,true,true,true,true,false,true,false,true,false,true,false,false,,false,false,false,false,false,true,false
B449-GT001,519,false,200,1800,160,false,true,true,true,240,false,false,false,false,true,false,false,true,false,true,false,false,false,false,false,false,false,false,false,true,false,false,false,false
Q477-GT001,520,false,320,3840,320,true,false,true,false,,false,true,false,true,true,true,true,true,true,true,false,true,false,true,false,false,,false,false,true,false,true,false,false
B543-GT001,521,false,200,1860,130,false,false,true,true,1100,false,true,false,false,true,false,false,false,false,true,true,false,false,true,false,false,false,false,false,true,false,true,false,false
B515-GT001,522,false,0,5500,500,true,true,true,true,1600,false,true,false,true,true,false,false,true,true,true,false,true,false,true,false,false,false,false,false,true,false,true,true,false
B420-GT001,523,false,383.5,4533,294,false,true,true,true,240,false,false,true,true,true,true,true,true,true,true,false,true,false,true,true,false,,false,false,false,false,true,false,false
B459-GT001,524,false,492.5,2737.5,109.5,false,true,true,true,500,false,true,false,true,true,true,true,true,true,true,false,false,false,true,false,false,,false,false,false,false,true,false,false
X277A-GT001,525,true,250,2250,150,false,false,true,false,,false,false,false,true,true,true,false,true,true,true,false,false,true,true,false,false,,false,false,false,false,false,false,false
M298-GT001,527,true,158,900,60,false,true,true,false,,false,false,true,true,true,true,false,true,true,true,false,false,false,true,false,false,,false,false,false,false,true,false,false
B493-GT001,529,false,0,1740,129,false,false,true,false,,false,false,false,true,true,false,false,true,true,true,false,false,true,true,false,false,,false,false,false,false,false,false,false
B390-GT001,530,false,,1996,202,false,true,true,false,,false,false,false,true,true,true,false,true,true,true,false,true,false,true,false,false,,false,false,false,false,false,false,false
M343-GT001,531,false,35,420,35,false,true,true,true,400,false,false,false,true,true,false,false,true,true,true,false,false,false,true,false,false,,false,false,false,false,false,false,false
B495-GT001,532,false,143,1059,108,false,true,true,true,120,false,false,false,true,true,true,true,true,true,true,false,false,true,true,false,false,,false,false,false,false,false,false,false
B508-GT001,533,false,136,923,71,true,false,false,true,60,false,true,true,true,true,true,false,true,false,true,false,false,true,true,false,false,,false,false,false,false,true,false,false
X010-GT001,534,false,0,,,false,false,false,true,330,false,false,false,true,true,true,true,true,true,false,false,true,false,false,false,false,,false,false,false,false,false,false,false
B496-GT001,536,false,0,140,20,false,true,true,true,120,false,false,false,true,true,false,false,true,false,true,false,false,false,false,false,false,,false,false,false,false,false,false,false
B551-GT001,537,false,,,,false,true,true,true,1000,false,true,false,true,true,false,false,true,true,false,false,false,false,false,false,false,,false,false,false,false,true,false,false
X347-GT001,538,false,105,840,105,false,true,false,true,110,false,false,false,true,false,true,false,true,false,false,false,false,false,false,false,false,,false,false,false,false,false,false,false
B456-GT001,539,false,280,762,63.5,false,false,true,true,1000,false,true,true,true,true,true,false,true,false,true,false,false,true,true,true,false,,false,false,false,false,true,false,false
M403-GT001,540,false,0,213.5,14,false,false,true,true,20,false,false,false,true,true,true,false,false,false,false,false,false,false,true,false,false,,false,false,false,false,false,false,false
X272-GT001,541,false,200,1400,100,true,false,false,true,500,false,false,false,true,true,true,false,true,true,true,false,false,false,false,false,false,,false,false,false,false,false,false,false
B581-GT001,544,false,175,250,25,false,true,true,false,0,false,false,false,false,true,true,false,true,false,false,false,false,false,false,false,false,false,false,false,false,false,false,false,false
X088A-GT001,545,false,285,,,false,false,false,false,,false,false,false,true,true,true,true,true,true,true,false,false,false,true,false,false,,false,false,false,false,false,false,false
B538-GT001,546,false,163.25,344.5,26.5,false,true,true,true,60,false,true,true,true,true,true,false,true,true,false,false,false,false,true,false,false,,false,false,false,false,true,false,false
M306-GT001,547,false,0,1320,110,false,true,false,true,1000,false,false,true,true,true,true,false,true,true,true,false,false,true,true,false,false,,false,false,false,false,true,false,false
M368-GT001,548,false,135,1870,135,false,true,true,false,,false,false,true,true,false,true,false,true,false,true,false,false,false,true,false,false,,false,false,false,false,true,false,false
M362-GT001,549,false,130,240,20,false,false,true,true,240,false,true,false,true,true,true,false,true,true,false,false,false,true,true,false,false,,false,false,false,false,true,false,false
M296-GT001,550,false,,595,70,false,false,false,false,,false,true,false,true,true,true,false,true,true,true,false,false,false,true,false,true,true,false,false,false,false,true,false,false
M307-GT001,552,false,82,492,41,true,true,true,false,,false,false,false,true,false,false,false,true,false,false,false,false,false,true,false,false,,false,false,false,false,false,false,false
R109-GT001,553,false,260,,,false,false,false,true,500,false,true,false,true,true,true,false,true,false,false,false,false,true,true,false,false,,false,false,false,false,true,false,false
B549-GT001,556,false,48.5,600,40,false,false,true,true,1000,false,true,false,true,true,true,true,true,false,true,false,true,true,true,false,false,,false,false,false,false,true,false,false
M322-GT001,557,false,180,3200,180,false,true,true,true,1000,false,false,false,true,true,true,false,true,true,true,false,true,false,true,false,false,,false,false,false,false,false,false,false
M328-GT001,558,false,128,900,60,true,true,true,true,800,false,true,true,true,true,true,false,true,false,true,false,true,false,true,false,false,,false,false,false,false,true,false,false
Q507-GT001,561,false,75,350,25,false,false,false,true,300,false,false,false,true,true,true,true,false,false,false,false,true,false,true,false,false,,false,false,false,false,false,false,false
X164-GT001,562,false,0,1450,145,false,false,false,true,500,true,false,true,true,true,true,false,true,false,true,false,false,false,true,false,false,,false,false,false,false,true,false,false
X333-GT001,564,false,262,2004,167,false,true,true,false,,false,false,false,true,true,true,false,true,true,true,false,false,false,true,false,false,,false,false,false,false,false,false,false
B507-GT002,568,false,0,1257.5,141,false,false,true,true,240,false,false,true,true,true,true,false,true,true,true,false,false,true,false,false,false,,false,false,false,false,true,false,false
X270-GT001,569,false,70,425,25,false,true,true,false,,false,false,false,true,true,true,false,false,false,false,false,false,false,false,false,false,,false,false,false,false,false,false,false
B567-GT001,584,false,122.5,200,20,false,false,true,true,270,false,false,false,true,true,true,false,true,true,false,false,false,true,true,false,false,,false,false,false,false,false,false,false
Q121A-GT002,586,false,0,,,true,false,false,false,,false,false,false,false,false,false,false,false,false,false,false,false,false,false,false,false,false,false,false,false,false,false,false,false
X292-GT001,588,false,,,,true,false,false,false,,false,false,false,false,false,false,false,false,false,false,false,false,false,false,false,false,false,false,false,false,false,false,false,false
Q519-GT001,591,false,,,,false,false,false,false,,false,false,false,false,false,false,false,false,false,false,false,false,false,false,false,false,false,false,false,false,false,false,false,false
Q519-GT001,632,,,,,,,,false,,false,,,,false,,false,false,false,,,,,,false,,,,false,false,false,,,false
MGT032,664,,0,,,true,false,false,false,,false,,,,false,,false,false,false,,,,,,false,,,,false,false,false,,,false
X297-GT001,1700,,,,,,,,,,,,,,,,,,,,,,,,,,,,,,,,,
B464-GT002,2735,,20,,,false,false,false,false,,false,,,,false,,false,false,false,,,,,,false,,,,false,false,false,,,false
